{"app":["/app-03d9660b878600376ff9.js"],"component---src-templates-page-js":["/component---src-templates-page-js-1ff78341d819a46860ff.js"],"component---src-templates-post-js":["/component---src-templates-post-js-0ce8f2c9113528c73e90.js"],"component---src-templates-blog-js":["/component---src-templates-blog-js-e446b6f7296b3f9fba9a.js"],"component---src-templates-category-js":["/component---src-templates-category-js-b1186892becf1c0a01a9.js"],"component---src-templates-tag-js":["/component---src-templates-tag-js-7f43f410d2031516e419.js"],"component---src-templates-author-js":["/component---src-templates-author-js-a815332b1352bfb25fab.js"],"component---src-pages-404-js":["/component---src-pages-404-js-6035e7a47c109103c959.js"]}